build_time,dataset
11.952248334884644,mnist
132.18014931678772,sift
175.38588094711304,gist